{"cameraMode":{"drawMode":0,"name":"Shaded","section":"Shading Mode"},"sceneLighting":false,"audioPlay":false,"sceneViewState":{"showFog":true,"showMaterialUpdate":false,"showSkybox":false,"showFlares":true,"showImageEffects":true,"showParticleSystems":true},"in2DMode":false,"pivot":{"x":-24.56479835510254,"y":-0.9076873064041138,"z":56.25611877441406},"rotation":{"x":-0.05888131633400917,"y":0.7073808312416077,"z":0.059352219104766849,"w":0.7018821239471436},"size":70.70015716552735,"orthographic":true}