{"cameraMode":{"drawMode":0,"name":"Shaded","section":"Shading Mode"},"sceneLighting":true,"audioPlay":false,"sceneViewState":{"showFog":true,"showMaterialUpdate":false,"showSkybox":true,"showFlares":true,"showImageEffects":true,"showParticleSystems":true},"in2DMode":false,"pivot":{"x":0.2656301259994507,"y":1.194960594177246,"z":-0.22396320104599},"rotation":{"x":0.13511599600315095,"y":0.09792166948318482,"z":-0.01341882161796093,"w":0.9858983755111694},"size":2.0071280002593996,"orthographic":true}